group,displacement_mm,tensile_adhesion_kPa
Fr-PA-10,0.025,4.6243
Fr-PA-10,0.05225,8.45894
Fr-PA-10,0.08013,11.89093
Fr-PA-10,0.10649,14.87818
Fr-PA-10,0.13467,17.40958
Fr-PA-10,0.16377,19.44612
Fr-PA-10,0.21816,20.9512
Fr-PA-10,0.21816,20.9512
Fr-PA-10,0.27378,21.81025
Fr-PA-10,0.27378,21.81025
Fr-PA-10,0.30122,22.4628
Fr-PA-10,0.33027,22.99864
Fr-PA-10,0.38447,23.13267
Fr-PA-10,0.38447,23.13267
Fr-PA-10,0.41187,22.60055
Fr-PA-10,0.44106,21.88523
Fr-PA-10,0.46758,21.40955
Fr-PA-10,0.49531,21.34864
Fr-PA-10,0.55039,21.24609
Fr-PA-10,0.55039,21.24609
Fr-PA-10,0.57876,21.04993
Fr-PA-10,0.60791,20.7923
Fr-PA-10,0.63428,20.50058
Fr-PA-10,0.69067,20.1839
Fr-PA-10,0.69067,20.1839
Fr-PA-10,0.71699,19.43262
Fr-PA-10,0.74512,18.20184
Fr-PA-10,0.77427,17.43845
Fr-PA-10,0.80068,16.6243
Fr-PA-10,0.83052,16.27372
Fr-PA-10,0.85698,16.11212
Fr-PA-10,0.88433,15.93459
Fr-PA-10,0.91143,15.73331
Fr-PA-10,0.94028,15.33522
Fr-PA-10,0.96689,15.05896
Fr-PA-10,0.99673,14.81149
Fr-PA-10,1.02324,14.541
Fr-PA-10,1.05059,14.26596
Fr-PA-10,1.08022,14.06728
Fr-PA-10,1.10654,13.95635
Fr-PA-10,1.1332,13.86787
Fr-PA-10,1.18965,13.63716
Fr-PA-10,1.18965,13.63716
Fr-PA-10,1.21694,13.51216
Fr-PA-10,1.24443,13.39163
Fr-PA-10,1.27246,13.2576
Fr-PA-10,1.30073,13.13969
Fr-PA-10,1.32959,13.00128
Fr-PA-10,1.35581,12.81984
Fr-PA-10,1.38325,12.64799
Fr-PA-10,1.41323,12.54414
Fr-PA-10,1.4396,12.47689
Fr-PA-10,1.46685,12.41914
Fr-PA-10,1.4959,12.3314
Fr-PA-10,1.52227,12.19737
Fr-PA-10,1.55034,12.04294
Fr-PA-10,1.57944,11.8711
Fr-PA-10,1.60591,11.70633
Fr-PA-10,1.63403,11.63778
Fr-PA-10,1.66211,11.59931
Fr-PA-10,1.68979,11.56727
Fr-PA-10,1.71689,11.54035
Fr-PA-10,1.74561,11.50896
Fr-PA-10,1.77236,11.46407
Fr-PA-10,1.80254,11.3685
Fr-PA-10,1.82881,11.20252
Fr-PA-10,1.85562,11.11153
Fr-PA-10,1.88364,11.04735
Fr-PA-10,1.91182,11.00767
Fr-PA-10,1.93911,10.98392
Fr-PA-10,1.9666,10.95896
Fr-PA-10,1.99551,10.93782
Fr-PA-10,2.0229,10.92496
Fr-PA-10,2.05024,10.91276
Fr-PA-10,2.07832,10.90056
Fr-PA-10,2.10562,10.8865
Fr-PA-10,2.13535,10.8756
Fr-PA-10,2.16177,10.85697
Fr-PA-10,2.18906,10.83778
Fr-PA-10,2.21899,10.82428
Fr-PA-10,2.24463,10.81338
Fr-PA-10,2.27285,10.79354
Fr-PA-10,2.30181,10.78134
Fr-PA-10,2.32822,10.78069
Fr-PA-10,2.35552,10.78069
Fr-PA-10,2.38564,10.77687
Fr-PA-10,2.41128,10.76979
Fr-PA-10,2.4395,10.7615
Fr-PA-10,2.46841,10.75572
Fr-PA-10,2.49502,10.74287
Fr-PA-10,2.52217,10.7166
Fr-PA-10,2.55176,10.68205
Fr-PA-10,2.57837,10.62235
Fr-PA-10,2.60591,10.5455
Fr-PA-10,2.63481,10.4871
Fr-PA-10,2.66138,10.44798
Fr-PA-10,2.68975,10.407
Fr-PA-10,2.71802,10.38008
Fr-PA-10,2.74438,10.33584
Fr-PA-10,2.77271,10.30119
Fr-PA-10,2.80156,10.28648
Fr-PA-10,2.82813,10.2794
Fr-PA-10,2.85625,10.27372
Fr-PA-10,2.88447,10.2685
Fr-PA-10,2.91104,10.25825
Fr-PA-10,2.93901,10.25509
Fr-PA-10,2.96816,10.25127
Fr-PA-10,2.99458,10.23972
Fr-PA-10,3.02222,10.2237
Fr-PA-10,3.05132,10.20833
Fr-PA-10,3.07847,10.18458
Fr-PA-10,3.10566,10.15505
Fr-PA-10,3.13462,10.13968
Fr-PA-10,3.16118,10.13326
Fr-PA-10,3.19102,10.12683
Fr-PA-10,3.21753,10.12562
Fr-PA-10,3.24478,10.11985
Fr-PA-10,3.27456,10.11407
Fr-PA-10,3.30112,10.09991
Fr-PA-10,3.32778,10.08715
Fr-PA-10,3.35737,10.07812
Fr-PA-10,3.38398,10.06536
Fr-PA-10,3.41143,10.05446
Fr-PA-10,3.43882,10.04421
Fr-PA-10,3.46694,10.03518
Fr-PA-10,3.49512,10.02754
Fr-PA-10,3.52397,10.02112
Fr-PA-10,3.55034,10.01469
Fr-PA-10,3.57783,10.01022
Fr-PA-10,3.60762,10.00444
Fr-PA-10,3.6333,9.99997
Fr-PA-10,3.66138,9.9955
Fr-PA-10,3.69048,9.98581
Fr-PA-10,3.7167,9.96402
Fr-PA-10,3.74395,9.94288
Fr-PA-10,3.77402,9.92751
Fr-PA-10,3.80059,9.91279
Fr-PA-10,3.82788,9.90189
Fr-PA-10,3.85708,9.88904
Fr-PA-10,3.88345,9.87302
Fr-PA-10,3.91138,9.86082
Fr-PA-10,3.94028,9.8461
Fr-PA-10,3.96694,9.83269
Fr-PA-10,3.99673,9.81471
Fr-PA-10,4.02329,9.7891
Fr-PA-10,4.04985,9.75892
Fr-PA-10,4.07793,9.71282
Fr-PA-10,4.10688,9.62619
Fr-PA-10,4.13335,9.55895
Fr-PA-10,4.16338,9.52244
Fr-PA-10,4.18989,9.48397
Fr-PA-10,4.21733,9.44615
Fr-PA-10,4.24463,9.42752
Fr-PA-10,4.27285,9.4102
Fr-PA-10,4.30015,9.40377
Fr-PA-10,4.32754,9.39101
Fr-PA-10,4.35659,9.37108
Fr-PA-10,4.38403,9.34099
Fr-PA-10,4.41294,9.28325
Fr-PA-10,4.43945,9.22298
Fr-PA-10,4.4666,9.20696
Fr-PA-10,4.49653,9.2038
Fr-PA-10,4.5229,9.19551
Fr-PA-10,4.54985,9.18461
Fr-PA-10,4.60571,9.1807
Fr-PA-10,4.60571,9.1807
Fr-PA-10,4.63379,9.1807
Fr-PA-10,4.66284,9.17623
Fr-PA-10,4.68931,9.17884
Fr-PA-10,4.71641,9.17623
Fr-PA-10,4.74619,9.17623
Fr-PA-10,4.77285,9.17623
Fr-PA-10,4.8001,9.17558
Fr-PA-10,4.8292,9.17949
Fr-PA-10,4.85566,9.17427
Fr-PA-10,4.88389,9.17688
Fr-PA-10,4.91265,9.17753
Fr-PA-10,4.93901,9.17623
Fr-PA-10,4.96899,9.17623
Fr-PA-10,4.99556,9.17306
Fr-PA-10,5.02285,9.17241
Fr-PA-10,5.05024,9.17688
Fr-PA-10,5.0791,9.17427
Fr-PA-10,5.10542,9.17558
Fr-PA-10,5.13525,9.17558
Fr-PA-10,5.16177,9.17371
Fr-PA-10,5.18906,9.17306
Fr-PA-10,5.2165,9.17623
Fr-PA-10,5.24551,9.17492
Fr-PA-10,5.27275,9.17688
Fr-PA-10,5.30186,9.17371
Fr-PA-10,5.32822,9.17492
Fr-PA-10,5.35527,9.17753
Fr-PA-10,5.38525,9.17492
Fr-PA-10,5.41191,9.17558
Fr-PA-10,5.43911,9.17492
Fr-PA-10,5.4689,9.17558
Fr-PA-10,5.49458,9.17492
Fr-PA-10,5.52192,9.17492
Fr-PA-10,5.55176,9.17492
Fr-PA-10,5.57773,9.17176
Fr-PA-10,5.60581,9.17045
Fr-PA-10,5.63481,9.17306
Fr-PA-10,5.66123,9.1698
Fr-PA-10,5.6896,9.16794
Fr-PA-10,5.71836,9.16794
Fr-PA-10,5.74478,9.16729
Fr-PA-10,5.77236,9.16663
Fr-PA-10,5.80147,9.16468
Fr-PA-10,5.82793,9.16337
Fr-PA-10,5.85557,9.16598
Fr-PA-10,5.8853,9.16403
Fr-PA-10,5.91152,9.16216
Fr-PA-10,5.93887,9.16729
Fr-PA-10,5.96807,9.16403
Fr-PA-10,5.99453,9.16086
Fr-PA-10,6.02271,9.16281
Fr-PA-10,6.05161,9.16021
Fr-PA-10,6.07813,9.16151
Fr-PA-10,6.10786,9.1589
Fr-PA-10,6.13428,9.15825
Fr-PA-10,6.16167,9.16021
Fr-PA-10,6.18901,9.15639
Fr-PA-10,6.21753,9.15443
Fr-PA-10,6.24482,9.15443
Fr-PA-10,6.27451,9.15313
Fr-PA-10,6.30093,9.15443
Fr-PA-10,6.32754,9.15378
Fr-PA-10,6.35737,9.15192
Fr-PA-10,6.38389,9.15061
Fr-PA-10,6.41113,9.14996
Fr-PA-10,6.43867,9.15061
Fr-PA-10,6.46758,9.15313
Fr-PA-10,6.49512,9.14866
Fr-PA-10,6.52397,9.14931
Fr-PA-10,6.5502,9.14931
Fr-PA-10,6.57773,9.14735
Fr-PA-10,6.60776,9.14996
Fr-PA-10,6.63408,9.14484
Fr-PA-10,6.66143,9.14549
Fr-PA-10,6.69121,9.14158
Fr-PA-10,6.71665,9.1359
Fr-PA-10,6.74419,9.13646
Fr-PA-10,6.77427,9.13264
Fr-PA-10,6.80005,9.13068
Fr-PA-10,6.82817,9.13012
Fr-PA-10,6.85713,9.12044
Fr-PA-10,6.88369,9.11662
Fr-PA-10,6.91162,9.11215
Fr-PA-10,6.94043,9.11215
Fr-PA-10,6.96709,9.11596
Fr-PA-10,6.99443,9.11215
Fr-PA-10,7.02349,9.1128
Fr-PA-10,7.05005,9.11727
Fr-PA-10,7.07803,9.11792
Fr-PA-10,7.10693,9.11857
Fr-PA-10,7.1334,9.12044
Fr-PA-10,7.16162,9.12239
Fr-PA-10,7.1898,9.12109
Fr-PA-10,7.21709,9.11978
Fr-PA-10,7.24438,9.1237
Fr-PA-10,7.27334,9.12304
Fr-PA-10,7.30078,9.12109
Fr-PA-10,7.32798,9.12239
Fr-PA-10,7.35586,9.12686
Fr-PA-10,7.3834,9.12435
Fr-PA-10,7.41338,9.12174
Fr-PA-10,7.4397,9.12239
Fr-PA-10,7.46689,9.12621
Fr-PA-10,7.49673,9.12556
Fr-PA-10,7.52227,9.12686
Fr-PA-10,7.55054,9.12947
Fr-PA-10,7.57974,9.13068
Fr-PA-10,7.60615,9.13133
Fr-PA-10,7.6335,9.13459
Fr-PA-10,7.66333,9.13525
Fr-PA-10,7.68921,9.13711
Fr-PA-10,7.71719,9.13646
Fr-PA-10,7.746,9.13906
Fr-PA-10,7.77275,9.14288
Fr-PA-10,7.8002,9.13972
Fr-PA-10,7.82998,9.14223
Fr-PA-10,7.85586,9.14158
Fr-PA-10,7.88398,9.13906
Fr-PA-10,7.91279,9.14102
Fr-PA-10,7.93931,9.14158
Fr-PA-10,7.9668,9.14866
Fr-PA-10,7.99658,9.14735
Fr-PA-10,8.02231,9.15061
Fr-PA-10,8.04995,9.15443
Fr-PA-10,8.07974,9.15704
Fr-PA-10,8.10625,9.15704
Fr-PA-10,8.13359,9.16151
Fr-PA-10,8.16255,9.16337
Fr-PA-10,8.18906,9.15639
Fr-PA-10,8.21733,9.15639
Fr-PA-10,8.24634,9.16216
Fr-PA-10,8.27275,9.16281
Fr-PA-10,8.3001,9.16598
Fr-PA-10,8.32993,9.1698
Fr-PA-10,8.35562,9.17241
Fr-PA-10,8.38389,9.17558
Fr-PA-10,8.41289,9.17753
Fr-PA-10,8.4394,9.18135
Fr-PA-10,8.46665,9.18517
Fr-PA-10,8.49609,9.18582
Fr-PA-10,8.52251,9.19094
Fr-PA-10,8.54956,9.1929
Fr-PA-10,8.57964,9.19225
Fr-PA-10,8.60571,9.19802
Fr-PA-10,8.63311,9.19933
Fr-PA-10,8.66304,9.20063
Fr-PA-10,8.68955,9.2051
Fr-PA-10,8.7167,9.20575
Fr-PA-10,8.74644,9.20827
Fr-PA-10,8.77236,9.21274
Fr-PA-10,8.80039,9.21339
Fr-PA-10,8.82954,9.21469
Fr-PA-10,8.85601,9.21786
Fr-PA-10,8.8834,9.21786
Fr-PA-10,8.91333,9.21665
Fr-PA-10,8.93887,9.21982
Fr-PA-10,8.96719,9.22112
Fr-PA-10,8.99629,9.22243
Fr-PA-10,9.02285,9.22494
Fr-PA-10,9.05029,9.2269
Fr-PA-10,9.07998,9.22876
Fr-PA-10,9.10557,9.22755
Fr-PA-10,9.13306,9.22876
Fr-PA-10,9.16304,9.23267
Fr-PA-10,9.18901,9.23006
Fr-PA-10,9.21655,9.23202
Fr-PA-10,9.24639,9.23006
Fr-PA-10,9.27285,9.23006
Fr-PA-10,9.30029,9.216
Fr-PA-10,9.33003,9.19029
Fr-PA-10,9.35542,9.17884
Fr-PA-10,9.38379,9.17306
Fr-PA-10,9.41294,9.1711
Fr-PA-10,9.43931,9.17176
Fr-PA-10,9.46655,9.16598
Fr-PA-10,9.49644,9.16598
Fr-PA-10,9.52192,9.16281
Fr-PA-10,9.54995,9.16151
Fr-PA-10,9.57915,9.1589
Fr-PA-10,9.60557,9.15378
Fr-PA-10,9.63394,9.14801
Fr-PA-10,9.66289,9.13906
Fr-PA-10,9.6895,9.09165
Fr-PA-10,9.7167,8.98966
Fr-PA-10,9.74541,8.96405
Fr-PA-10,9.77222,8.96154
Fr-PA-10,9.80044,8.95828
Fr-PA-10,9.82939,8.95893
Fr-PA-10,9.85601,8.96088
Fr-PA-10,9.88579,8.95958
Fr-PA-10,9.91201,8.95632
Fr-PA-10,9.93862,8.95762
Fr-PA-10,9.96689,8.95828
Fr-PA-10,9.99526,8.95762
Fr-PA-10,10.02266,8.95958
Fr-PA-10,10.0499,8.95958
Fr-PA-10,10.07881,8.95958
Fr-PA-10,10.1061,8.95511
Fr-PA-10,10.13335,8.95697
Fr-PA-10,10.16147,8.96023
Fr-PA-10,10.18887,8.95828
Fr-PA-10,10.2188,8.95632
Fr-PA-10,10.24526,8.95762
Fr-PA-10,10.27246,8.95446
Fr-PA-10,10.3022,8.9525
Fr-PA-10,10.32778,8.9538
Fr-PA-10,10.3561,8.95446
Fr-PA-10,10.38516,8.9525
Fr-PA-10,10.41157,8.95632
Fr-PA-10,10.43887,8.95511
Fr-PA-10,10.4686,8.95446
Fr-PA-10,10.49438,8.9525
Fr-PA-10,10.52241,8.95315
Fr-PA-10,10.55107,8.9538
Fr-PA-10,10.57778,8.95446
Fr-PA-10,10.60547,8.95315
Fr-PA-10,10.63516,8.9538
Fr-PA-10,10.66172,8.9538
Fr-PA-10,10.68901,8.9538
Fr-PA-10,10.71782,8.95185
Fr-PA-10,10.74424,8.9525
Fr-PA-10,10.77256,8.94933
PTPU-10,0.02739,2.97178
PTPU-10,0.05293,5.45959
PTPU-10,0.08008,7.4993
PTPU-10,0.10918,9.21469
PTPU-10,0.13594,10.66081
PTPU-10,0.16318,11.69357
PTPU-10,0.24658,11.68844
PTPU-10,0.24658,11.68844
PTPU-10,0.32979,12.74672
PTPU-10,0.32979,12.74672
PTPU-10,0.35723,12.92499
PTPU-10,0.35723,12.92499
PTPU-10,0.35723,12.92499
PTPU-10,0.38647,12.87107
PTPU-10,0.41318,12.45957
PTPU-10,0.44067,11.96917
PTPU-10,0.4707,11.56345
PTPU-10,0.49634,11.07623
PTPU-10,0.52441,10.74548
PTPU-10,0.55347,10.44994
PTPU-10,0.57983,10.28974
PTPU-10,0.60688,10.0756
PTPU-10,0.63677,9.79227
PTPU-10,0.66348,9.54358
PTPU-10,0.69063,9.4333
PTPU-10,0.71958,9.36279
PTPU-10,0.746,9.19486
PTPU-10,0.80298,8.8737
PTPU-10,0.80298,8.8737
PTPU-10,0.82959,8.65827
PTPU-10,0.85933,8.45829
PTPU-10,0.88579,8.27173
PTPU-10,0.91299,8.03971
PTPU-10,0.94043,7.87364
PTPU-10,0.96924,7.7275
PTPU-10,0.99546,7.56273
PTPU-10,1.02559,7.4423
PTPU-10,1.0521,7.37431
PTPU-10,1.07925,7.30119
PTPU-10,1.10918,7.21979
PTPU-10,1.13555,7.13456
PTPU-10,1.19185,6.93775
PTPU-10,1.19185,6.93775
PTPU-10,1.21851,6.8352
PTPU-10,1.24575,6.69223
PTPU-10,1.27578,6.59741
PTPU-10,1.30137,6.54544
PTPU-10,1.32954,6.5243
PTPU-10,1.35845,6.50828
PTPU-10,1.38486,6.49486
PTPU-10,1.41211,6.46981
PTPU-10,1.44199,6.44354
PTPU-10,1.46777,6.4333
PTPU-10,1.4959,6.42687
PTPU-10,1.52476,6.42557
PTPU-10,1.55127,6.42557
PTPU-10,1.5793,6.42948
PTPU-10,1.6083,6.4211
PTPU-10,1.63428,6.40889
PTPU-10,1.66235,6.40126
PTPU-10,1.69131,6.39483
PTPU-10,1.71772,6.38971
PTPU-10,1.74546,6.38198
PTPU-10,1.7752,6.35571
PTPU-10,1.80142,6.33457
PTPU-10,1.82896,6.31016
PTPU-10,1.91265,6.23006
PTPU-10,1.91265,6.23006
PTPU-10,1.91265,6.23006
PTPU-10,1.94165,6.20575
PTPU-10,1.99775,6.148
PTPU-10,1.99775,6.148
PTPU-10,2.02441,6.12947
PTPU-10,2.05098,6.11662
PTPU-10,2.07915,6.10125
PTPU-10,2.10752,6.06986
PTPU-10,2.13491,6.05319
PTPU-10,2.16455,6.02943
PTPU-10,2.19087,6.01407
PTPU-10,2.21826,6.00056
PTPU-10,2.24556,5.97243
PTPU-10,2.27373,5.94356
PTPU-10,2.30117,5.92558
PTPU-10,2.33091,5.91338
PTPU-10,2.35723,5.90826
PTPU-10,2.38447,5.90127
PTPU-10,2.41382,5.89615
PTPU-10,2.44023,5.88581
PTPU-10,2.46836,5.88199
PTPU-10,2.49731,5.87882
PTPU-10,2.52368,5.87044
PTPU-10,2.55107,5.83589
PTPU-10,2.58086,5.79034
PTPU-10,2.60635,5.74479
PTPU-10,2.63457,5.72877
PTPU-10,2.66372,5.7243
PTPU-10,2.69014,5.71536
PTPU-10,2.71826,5.70828
PTPU-10,2.74727,5.70446
PTPU-10,2.77393,5.69934
PTPU-10,2.80112,5.69487
PTPU-10,2.83032,5.68779
PTPU-10,2.85679,5.68006
PTPU-10,2.88442,5.66851
PTPU-10,2.91353,5.65957
PTPU-10,2.94014,5.64672
PTPU-10,2.96812,5.6307
PTPU-10,2.99678,5.61151
PTPU-10,3.02354,5.58459
PTPU-10,3.05176,5.55125
PTPU-10,3.07988,5.53196
PTPU-10,3.10752,5.51855
PTPU-10,3.13467,5.50766
PTPU-10,3.16348,5.50188
PTPU-10,3.18989,5.49676
PTPU-10,3.21997,5.49163
PTPU-10,3.24644,5.48651
PTPU-10,3.27373,5.48204
PTPU-10,3.30098,5.48009
PTPU-10,3.32998,5.47301
PTPU-10,3.35728,5.46602
PTPU-10,3.38618,5.45764
PTPU-10,3.4127,5.44935
PTPU-10,3.43999,5.43454
PTPU-10,3.46992,5.42047
PTPU-10,3.49639,5.40576
PTPU-10,3.52354,5.39672
PTPU-10,3.55332,5.38135
PTPU-10,3.57891,5.37241
PTPU-10,3.60645,5.36664
PTPU-10,3.63638,5.35509
PTPU-10,3.66284,5.34484
PTPU-10,3.69014,5.33329
PTPU-10,3.71929,5.31793
PTPU-10,3.7459,5.3006
PTPU-10,3.77388,5.28328
PTPU-10,3.80259,5.26279
PTPU-10,3.82866,5.22236
PTPU-10,3.85693,5.19479
PTPU-10,3.88584,5.15958
PTPU-10,3.9124,5.11152
PTPU-10,3.93984,5.0942
PTPU-10,3.96948,5.08265
PTPU-10,3.99595,5.0724
PTPU-10,4.02349,5.0589
PTPU-10,4.05249,5.00953
PTPU-10,4.07905,4.95961
PTPU-10,4.10732,4.95188
PTPU-10,4.13643,4.94992
PTPU-10,4.16206,4.94741
PTPU-10,4.19004,4.9461
PTPU-10,4.21924,4.9461
PTPU-10,4.2457,4.9461
PTPU-10,4.27393,4.94294
PTPU-10,4.30239,4.9461
PTPU-10,4.32954,4.94545
PTPU-10,4.35679,4.94676
PTPU-10,4.38564,4.9461
PTPU-10,4.41226,4.94927
PTPU-10,4.44048,4.9448
PTPU-10,4.4686,4.94415
